Institution,Country
National University de La Plata,Argentina
Pontifical Catholic University Argentina,Argentina
Universidad de Palermo,Argentina
University of San Andres,Argentina
National Technological University,Argentina
National University de Tucumán,Argentina
National University de Rosario,Argentina
Buenos Aires Institute of Technology,Argentina
National University de Mar del Plata,Argentina
National University of the South,Argentina
National University de Río Cuarto,Argentina
National University de Cuyo,Argentina
University Torcuato di Tella,Argentina
University of Salvador,Argentina
National University de Quilmes,Argentina
National University de General San Martín,Argentina
Catholic University of Córdoba,Argentina
National University of the Littoral,Argentina
University of Belgrano,Argentina
University of Buenos Aires,Argentina
National University de San Luis,Argentina
National University de Córdoba,Argentina
National University of Central Buenos Aires,Argentina
National University del Comahue,Argentina
Austral University,Argentina
Yerevan State University,Armenia
Russian-Armenian (Slavonic) State University,Armenia
Flinders University,Australia
Australian Catholic University,Australia
James Cook University,Australia
Charles Sturt University,Australia
University of Southern Queensland,Australia
University of Western Australia,Australia
University of South Australia,Australia
Curtin University,Australia
Griffith University,Australia
RMIT University,Australia
Queensland University of Technology,Australia
Deakin University,Australia
University of Wollongong,Australia
University of Technology Sydney,Australia
"University of Newcastle, Australia",Australia
Southern Cross University,Australia
Macquarie University,Australia
University of the Sunshine Coast,Australia
University of Adelaide,Australia
University of Notre Dame Australia,Australia
Monash University,Australia
Central Queensland University,Australia
Edith Cowan University,Australia
Australian National University,Australia
Bond University,Australia
University of New England,Australia
University of New South Wales,Australia
"Victoria University, Melbourne",Australia
University of Canberra,Australia
La Trobe University,Australia
University of Queensland,Australia
University of Tasmania,Australia
Swinburne University of Technology,Australia
University of Western Sydney,Australia
Murdoch University,Australia
Charles Darwin University,Australia
University of Sydney,Australia
University of Melbourne,Australia
Graz University of Technology,Austria
University of Salzburg,Austria
University of Graz,Austria
University of Innsbruck,Austria
University of Klagenfurt,Austria
University of Vienna,Austria
University of Linz,Austria
Vienna University of Technology,Austria
Khazar University,Azerbaijan
Azerbaijan State Oil and Industry University,Azerbaijan
Azerbaijan State University Economics,Azerbaijan
Baku State University,Azerbaijan
Qafqaz University,Azerbaijan
University of Bahrain,Bahrain
Al Ahlia University,Bahrain
Applied Science University Bahrain,Bahrain
Arabian Gulf University,Bahrain
Shahjalal University of Science and Technology (SUST),Bangladesh
University of Rajshahi,Bangladesh
United International University (UIU),Bangladesh
Khulna University of Engineering And Technology,Bangladesh
Jahangirnagar University,Bangladesh
University of Dhaka,Bangladesh
International University of Business Agriculture and Technology,Bangladesh
Bangladesh University of Engineering and Technology (BUET),Bangladesh
East West University,Bangladesh
Daffodil International University,Bangladesh
Chittagong University of Engineering and Technology (CUET),Bangladesh
North South University,Bangladesh
Brac University,Bangladesh
Stamford University of Bangladesh,Bangladesh
Belarusian National Technical University,Belarus
Belarusian State University,Belarus
Université Libre de Bruxelles,Belgium
University of Mons-Hainaut,Belgium
Hasselt University,Belgium
Catholic University of Louvain,Belgium
University of Antwerp,Belgium
University of Gent,Belgium
Vrije Universiteit Brussel,Belgium
University of Liège,Belgium
Catholic University of Leuven,Belgium
University Mayor de San Andrés,Bolivia
Catholic University of Bolivia,Bolivia
University Mayor de San Simón,Bolivia
Sarajevo School of Science and Technology,Bosnia and Herzegovina
University of Sarajevo,Bosnia and Herzegovina
Federal University of Minas Gerais,Brazil
Federal University of Santa Catarina,Brazil
Federal University of Santa Maria,Brazil
State University de Londrina,Brazil
Federal University of Viçosa,Brazil
Federal University of Ceará,Brazil
Rio de Janeiro State University,Brazil
Federal University of Rio Grande do Sul,Brazil
Federal University of Paraná,Brazil
Pontifícia Universidade Católica de São Paulo,Brazil
Pontifical Catholic University of Rio Grande do Sul,Brazil
Federal University of Rio de Janeiro,Brazil
Pontifical Catholic University of Rio de Janeiro,Brazil
Federal University of Sao Paulo,Brazil
Sao Paulo State University,Brazil
State University of Campinas,Brazil
Federal University of Bahia,Brazil
Federal University of São Carlos,Brazil
University of Brasília,Brazil
Federal University Fluminense,Brazil
Federal University of Pernambuco,Brazil
Pontifical Catholic University of Campinas,Brazil
Federal University of Uberlândia,Brazil
Federal University of Goiás,Brazil
Federal University of Paraíba,Brazil
Santa Catarina State University,Brazil
Pontifical Catholic University of Paraná,Brazil
Universidade Presbiteriana Mackenzie,Brazil
Federal University of Juiz de Fora,Brazil
Federal University of Pará,Brazil
Federal University of Pelotas,Brazil
Federal University of Rio Grande do Norte,Brazil
University of Sao Paulo,Brazil
University of Technology Brunei,Brunei
University of Brunei Darussalam,Brunei
Sofia University,Bulgaria
University of Northern British Columbia,Canada
University of Windsor,Canada
University of Sherbrooke,Canada
University of Calgary,Canada
Queen’s University,Canada
McGill University,Canada
Laval University,Canada
York University,Canada
Western University,Canada
University of Regina,Canada
University of Saskatchewan,Canada
University of British Columbia,Canada
Dalhousie University,Canada
University of Ottawa,Canada
McMaster University,Canada
Simon Fraser University,Canada
Memorial University of Newfoundland,Canada
University of Guelph,Canada
University of Waterloo,Canada
University of Toronto,Canada
University of Quebec,Canada
Vancouver Island University,Canada
University of Victoria,Canada
University of Alberta,Canada
Carleton University,Canada
University of Manitoba,Canada
University of New Brunswick,Canada
Concordia University,Canada
Brock University,Canada
University of Montreal,Canada
Toronto Metropolitan University,Canada
University Austral de Chile,Chile
University of Talca,Chile
Universidad Central de Chile,Chile
Pontifical Catholic University of Chile,Chile
University Adolfo Ibáñez,Chile
University of Valparaiso,Chile
University of Bío-Bío,Chile
University of Desarrollo,Chile
University of Concepción,Chile
"University of the Andes, Chile",Chile
University of Chile,Chile
University Diego Portales,Chile
Universidad Bernardo O’Higgins,Chile
Pontifical Catholic University of Valparaiso,Chile
Federico Santa María Technical University,Chile
Universidad Autonoma de Chile,Chile
University of Tarapacá,Chile
Catholic University of La Santísima Concepción,Chile
University of La Serena,Chile
University of Santiago de Chile,Chile
University of La Frontera,Chile
Catholic University of Temuco,Chile
University Alberto Hurtado,Chile
National University Andrés Bello,Chile
Catholic University of the North,Chile
Southwest University,China
China Agricultural University,China
China University of Political Science and Law,China
Hohai University Changzhou,China
Nankai University,China
Shanghai International Studies University,China
Dalian University of Technology,China
Beijing University of Technology,China
Wuhan University,China
Beijing Foreign Studies University,China
Peking University,China
University of Electronic Science and Technology of China,China
Beijing Jiaotong University,China
University of International Business and Economics,China
Shanghai University of Finance and Economics,China
Fudan University,China
Sun Yat-Sen University,China
Central South University,China
Chongqing University,China
Hunan University,China
Shanghai Jiao Tong University,China
Beijing Normal University,China
Lanzhou University,China
Harbin Engineering University,China
Xi’an Jiaotong University,China
Beihang University,China
Tianjin University,China
Beijing University of Chinese Medicine and Pharmacology,China
Beijing University of Posts and Telecommunications,China
Nanjing University of Aeronautics and Astronautics,China
Nanjing University,China
Shanghai University,China
Xi’an Jiaotong Liverpool University,China
Jilin University,China
Beijing University of Chemical Technology,China
China University of Petroleum (Beijing),China
East China Normal University,China
Beijing Institute of Technology,China
China University of Mining Technology,China
"Donghua University, Shanghai",China
University of Science and Technology of China,China
Nanjing Agricultural University,China
Zhejiang University,China
Zhengzhou University,China
Renmin University of China,China
Northwest Agriculture and Forestry University,China
Huazhong University of Science and Technology,China
Harbin Institute of Technology,China
Huazhong Agricultural University,China
Northwest University,China
Xiamen University,China
Jiangnan University,China
Tsinghua University,China
University of Science and Technology Beijing,China
South China University of Technology,China
Shenzhen University,China
Sichuan University,China
Shanghai Normal University,China
Wuhan University of Technology,China
Tongji University,China
Nanjing University of Science and Technology,China
Southern University of Science and Technology,China
Ocean University of China,China
Northwestern Polytechnical University,China
East China University of Science and Technology,China
Nanjing Normal University,China
"Jinan University, Guangdong",China
Soochow University,China
Southeast University,China
Shandong University,China
China University of Geosciences Wuhan,China
University of Magdalena,Colombia
University of Rosario,Colombia
Corporación Universitaria Tecnológica de Bolivar,Colombia
University of Caldas,Colombia
Universidad del Norte,Colombia
University Industrial de Santander,Colombia
Fundación Universidad de Bogotá Jorge Tadeo Lozano,Colombia
University of La Sabana,Colombia
University of La Salle,Colombia
National University of Colombia,Colombia
University of Medellín,Colombia
Pontificia Universidad Javeriana,Colombia
University Externado de Colombia,Colombia
University of Cauca,Colombia
University Tecnológica de Pereira,Colombia
Catholic University of Colombia,Colombia
University of Antioquía,Colombia
University of Cartagena,Colombia
University of Valle del Cauca,Colombia
University of Los Andes,Colombia
ICESI University,Colombia
Universidad de Córdoba in Colombia,Colombia
Pontifical Bolivarian University,Colombia
EAFIT University,Colombia
Costa Rica Institute of Technology,Costa Rica
University of Costa Rica,Costa Rica
University Latinoamericana de Ciencia y Tecnología,Costa Rica
National University of Costa Rica,Costa Rica
University of Rijeka,Croatia
University of Split,Croatia
Josip Juraj Strossmayer University of Osijek,Croatia
University of Zagreb,Croatia
University of Oriente - Santiago de Cuba,Cuba
Universidad Tecnológica de la Habana José Antonio Echeverría,Cuba
University Marta Abreu of Las Villas,Cuba
University of Havana,Cuba
University of Cyprus,Cyprus
Charles University Prague,Czech Republic
Masaryk University,Czech Republic
Brno University of Technology,Czech Republic
"University of Chemistry and Technology, Prague",Czech Republic
Palacky University,Czech Republic
Czech Technical University of Prague,Czech Republic
Mendel University of Agriculture and Forestry,Czech Republic
Czech University of Life Sciences Prague,Czech Republic
Technical University of Liberec,Czech Republic
Technical University of Ostrava,Czech Republic
University of Pardubice,Czech Republic
University of Education Hradec Kralove,Czech Republic
University of Ostrava,Czech Republic
University of South Bohemia,Czech Republic
University of West Bohemia,Czech Republic
Tomas Bata University in Zlin,Czech Republic
Aalborg University,Denmark
Aarhus University,Denmark
Technical University of Denmark,Denmark
University of Copenhagen,Denmark
University of Southern Denmark,Denmark
Santo Domingo Institute of Technology,Dominican Republic
Pontifical Catholic University Madre y Maestra (PUCMM),Dominican Republic
University of Cuenca,Ecuador
Escuela Superior Politécnica del Litoral,Ecuador
University San Francisco de Quito,Ecuador
Pontifical Catholic University of Ecuador,Ecuador
Universidad de Las Américas Ecuador,Ecuador
University Central del Ecuador,Ecuador
University Técnica Particular de Loja,Ecuador
University Politécnica Salesiana,Ecuador
Catholic University of Santiago de Guayaquil,Ecuador
Universidad de Las Fuerzas Armadas,Ecuador
National Polytechnic School,Ecuador
Cairo University,Egypt
British University in Egypt,Egypt
Al Azhar University,Egypt
Alexandria University,Egypt
Zagazig University,Egypt
Tanta University,Egypt
Mansoura University,Egypt
Ain Shams University,Egypt
Helwan University,Egypt
German University in Cairo,Egypt
Assiut University,Egypt
Future University in Egypt,Egypt
"Arab Academy for Science, Technology and Maritime Transport",Egypt
Suez Canal University,Egypt
American University in Cairo,Egypt
University of Tartu,Estonia
Tallinn University of Technology,Estonia
Tallinn University,Estonia
Addis Ababa University,Ethiopia
Lappeenranta University of Technology,Finland
University of Turku,Finland
University of Tampere,Finland
Aalto University,Finland
University of Helsinki,Finland
University of Jyvaskyla,Finland
University of Oulu,Finland
Abo Akademi University,Finland
University of Eastern Finland,Finland
Tampere University of Technology,Finland
University Lille I,France
University Paris Nord (Paris XIII),France
CY Cergy Paris University,France
University of Limoges,France
University Pierre et Marie Curie (Paris VI),France
Institut National des Sciences Appliquées de Lyon,France
University Claude Bernard - Lyon I,France
University of Franche-Comté,France
Institut Polytechnique de Paris,France
University Paul Sabatier - Toulouse III,France
University Panthéon-Assas (Paris II),France
University of Versailles Saint-Quentin-en-Yvelines,France
University of Montpellier I,France
University of Nice-Sophia Antipolis,France
University of Montpellier II,France
Ecole Normale Supérieure de Lyon,France
University of Lorraine,France
University of Rennes I,France
Ecole Normale Supérieure de Paris,France
Ecole Polytechnique,France
Paris Cité University,France
CentraleSupélec,France
University Charles-de-Gaulle - Lille III,France
University of Cergy-Pontoise,France
Sorbonne University,France
Aix-Marseille University,France
University of Caen Normandy,France
PSL Research University Paris,France
University of Bordeaux,France
University Paul Valéry - Montpellier III,France
University of Montpellier,France
University of Droit et de la Sante - Lille II,France
University Paris-Dauphine (Paris IX),France
Grenoble Alpes University,France
University of Nantes,France
University Panthéon-Sorbonne (Paris I),France
University Paris-Sorbonne (Paris IV),France
Ecole Normale Supérieure de Cachan,France
University of Strasbourg,France
University of Lille,France
University of Poitiers,France
University Lumiére - Lyon II,France
Univ Paris Ouest Nanterre La Défense,France
Université Paris-Saclay,France
University Denis Diderot (Paris VII),France
University Joseph Fourier - Grenoble I,France
University René Descartes (Paris V),France
Toulouse 1 University Capitole,France
Ecole des Ponts ParisTech,France
University Jean Moulin - Lyon III,France
University of Côte d’Azur,France
University of Toulouse - Jean Jaurès,France
"Sciences Po, Paris",France
Telecom ParisTech,France
Georgian Technical University,Georgia
Tbilisi State University,Georgia
Free University of Berlin,Germany
University of Freiburg,Germany
Karlsruhe Institute of Technology,Germany
University of Jena,Germany
Technical University of Bergakademie Freiberg,Germany
University of Göttingen,Germany
University of Tübingen,Germany
University of Erlangen-Nürnberg,Germany
Kaiserslautern University of Technology,Germany
Technical University of Dortmund,Germany
University of Marburg,Germany
University of Konstanz,Germany
University of Leipzig,Germany
University of Cologne,Germany
University of Bayreuth,Germany
University of Mainz,Germany
RWTH Aachen University,Germany
University of Stuttgart,Germany
University of Ulm,Germany
University of Hannover,Germany
University of Kiel,Germany
University of Halle-Wittenberg,Germany
University of Regensburg,Germany
University of Frankfurt am Main,Germany
University of Bochum,Germany
University of Siegen,Germany
University of Rostock,Germany
University of Heidelberg,Germany
University of Düsseldorf,Germany
University of München,Germany
Technical University of München,Germany
University of Hamburg,Germany
University of Giessen,Germany
Humboldt University of Berlin,Germany
Technical University of Berlin,Germany
Technical University of Dresden,Germany
University of Bremen,Germany
University of Würzburg,Germany
University of Bonn,Germany
University of Münster,Germany
University of Mannheim,Germany
Saarland University,Germany
University of Hohenheim,Germany
Technical University of Darmstadt,Germany
University of Potsdam,Germany
University of Bielefeld,Germany
Technical University of Braunschweig,Germany
University of Duisburg-Essen,Germany
University of Ghana,Ghana
Kwame Nkrumah University of Science and Technology,Ghana
Aristotle University of Thessaloniki,Greece
Athens University of Economics and Business,Greece
University of Patras,Greece
University of Athens,Greece
University of Crete,Greece
National Technical University of Athens,Greece
University of Ioannina,Greece
University of San Carlos de Guatemala,Guatemala
City University of Hong Kong,Hong Kong
University of Hong Kong,Hong Kong
Hong Kong Baptist University,Hong Kong
Hong Kong University of Science and Technology,Hong Kong
Lingnan University,Hong Kong
Hong Kong Polytechnic University,Hong Kong
Chinese University of Hong Kong,Hong Kong
University of Szeged,Hungary
Szent Istvan University,Hungary
University of Pannonia,Hungary
University of Pecs,Hungary
University of Miskolc,Hungary
Hungarian University of Agriculture and Life Sciences,Hungary
Óbuda University,Hungary
Corvinus University of Budapest,Hungary
University of Debrecen,Hungary
Eötvös Lorand University,Hungary
Szechenyi Istvan University,Hungary
Budapest University of Technology and Economics,Hungary
University of Iceland,Iceland
University of Delhi,India
Chandigarh University,India
O.P. Jindal Global University,India
Sathyabama Institute of Science and Technology,India
National Institute of Technology Tiruchirappalli,India
"Indian Institute of Technology, Guwahati",India
Shoolini University of Biotechnology and Management Sciences,India
Banaras Hindu University,India
Chitkara University,India
Indian Institute of Science,India
"Indian Institute of Technology, Hyderabad",India
Anna University,India
Panjab University,India
Savitribai Phule Pune University,India
Jawaharlal Nehru University,India
Indian Institute of Technology (BHU) Varanasi,India
"Indian Institute of Technology, Bhubaneswar",India
University of Calcutta,India
University of Madras,India
Indian Institute of Technology Indore,India
Siksha O Anusandhan,India
University of Mumbai,India
Amity University,India
"Indian Institute of Technology, Bombay",India
Pondicherry University,India
"Indian Institute of Technology, Delhi",India
Jamia Millia Islamia University,India
Jadavpur University,India
University of Hyderabad,India
SRM Institute Of Science and Technology ( Deemed University),India
"Indian Institute of Technology, Roorkee",India
Amrita Vishwa Vidyapeetham (Deemed University),India
Osmania University,India
Thapar University,India
Jamia Hamdard University,India
Vellore Institute of Technology,India
Manipal University,India
"Indian Institute of Technology, Kharagpur",India
"Indian Institute of Technology, Madras",India
Birla Institute of Technology and Science,India
Aligarh Muslim University,India
University of Petroleum and Energy Studies,India
"Indian Institute of Technology, Kanpur",India
Andalas University,Indonesia
Atma Jaya Catholic University of Jakarta,Indonesia
Gadjah Mada University,Indonesia
University of Indonesia,Indonesia
University of Sumatera Utara,Indonesia
Institute of Technology Bandung,Indonesia
Muhammadiyah University of Surakarta,Indonesia
Padjadjaran University,Indonesia
University of Mataram,Indonesia
University of Brawijaya,Indonesia
Universitas Pendidikan Indonesia,Indonesia
Sepuluh Nopember Institute of Technology,Indonesia
Universitas Hasanuddin,Indonesia
Airlangga University,Indonesia
Telkom University,Indonesia
Sebelas Maret University,Indonesia
Yogyakarta State University,Indonesia
Bogor Agricultural University (IPB University),Indonesia
Bina Nusantara University,Indonesia
Diponegoro University,Indonesia
Universitas Muhammadiyah Yogyakarta,Indonesia
Universitas Islam Indonesia,Indonesia
Sharif University of Technology,Iran
Shahid Beheshti University,Iran
Amirkabir University of Technology,Iran
Iran University of Science and Technology Tehran,Iran
Ferdowsi University of Mashhad,Iran
Shiraz University,Iran
University of Tehran,Iran
Basrah University,Iraq
University of Babylon,Iraq
Mustansiriyah University,Iraq
University of Baghdad,Iraq
University of Kufa,Iraq
Technological University Dublin,Ireland
"National University of Ireland, Galway",Ireland
"National University of Ireland, Maynooth",Ireland
Dublin City University,Ireland
University College Dublin,Ireland
Trinity College Dublin,Ireland
University College Cork,Ireland
Dublin Institute of Technology,Ireland
University of Limerick,Ireland
University of Haifa,Israel
Tel Aviv University,Israel
Technion - Israel Institute of Technology,Israel
Bar-Ilan University,Israel
Ben-Gurion University of the Negev,Israel
Hebrew University of Jerusalem,Israel
University of Trento,Italy
University of Naples Federico II,Italy
University of Calabria,Italy
Gabriele D’Annunzio University,Italy
University of Florence,Italy
University of Bologna,Italy
University of Salerno,Italy
Polytechnic University of Turin,Italy
University of Milan,Italy
University of Milan - Bicocca,Italy
Free University of Bozen-Bolzano,Italy
University of Perugia,Italy
University of Genoa,Italy
University of Pavia,Italy
University of Turin,Italy
Vita-Salute San Raffaele University,Italy
University of Rome - La Sapienza,Italy
Polytechnic University of Milan,Italy
University of Ferrara,Italy
Scuola Normale Superiore di Pisa,Italy
University of Salento,Italy
Catholic University of the Sacred Heart,Italy
Sant’Anna School of Advanced Studies,Italy
Polytechnic University of Bari,Italy
University of Udine,Italy
University of Bergamo,Italy
Marche Polytechnic University,Italy
University of Parma,Italy
University of Pisa,Italy
University of Rome - Tor Vergata,Italy
Tuscia University,Italy
Ca’ Foscari University of Venice,Italy
University of Modena,Italy
University of Trieste,Italy
University of Verona,Italy
University of Palermo,Italy
University of Padua,Italy
Parthenope University of Naples,Italy
University of Brescia,Italy
University of Messina,Italy
University of Bari,Italy
Roma Tre University,Italy
University of Siena,Italy
University of Catania,Italy
Tokyo Institute of Technology,Japan
Yokohama National University,Japan
Waseda University,Japan
Tokyo Medical and Dental University,Japan
Hokkaido University,Japan
Kyushu University,Japan
Sophia University,Japan
Kobe University,Japan
Osaka Prefecture University,Japan
Kyoto Institute of Technology,Japan
Yokohama City University,Japan
Tohoku University,Japan
Toyota Technological Institute,Japan
Chiba University,Japan
Osaka University,Japan
Nagoya University,Japan
Meiji University,Japan
The University of Tokyo,Japan
Kindai University,Japan
Nagoya Institute of Technology,Japan
Kyushu Institute of Technology,Japan
Tokyo Metropolitan University,Japan
Kwansei Gakuin University,Japan
Kagoshima University,Japan
Shibaura Institute of Technology,Japan
Hitotsubashi University,Japan
Kanazawa University,Japan
Okayama University,Japan
Hiroshima University,Japan
Gifu University,Japan
Kyoto University,Japan
Saitama University,Japan
Nagasaki University,Japan
Keio University,Japan
Tokai University,Japan
Tsukuba University,Japan
Yamaguchi University,Japan
Shinshu University,Japan
Tokushima University,Japan
Ritsumeikan University,Japan
Ochanomizu University,Japan
Niigata University,Japan
Tokyo University of Agriculture and Technology,Japan
Tokyo University of Science,Japan
Ritsumeikan Asia Pacific University,Japan
Kumamoto University,Japan
International Christian University,Japan
Aoyama Gakuin University,Japan
Doshisha University,Japan
Rikkyo University (St. Paul’s University),Japan
Gunma University,Japan
Osaka City University,Japan
Mutah University,Jordan
Princess Sumaya University for Technology,Jordan
Jordan University,Jordan
Yarmouk University,Jordan
Hashemite University,Jordan
German Jordanian University,Jordan
Jordan University of Science and Technology,Jordan
Al-Ahliyya Amman University,Jordan
Al-Balqa Applied University,Jordan
Korkyt Ata Kyzylorda University,Kazakhstan
M.kh. Dulaty Taraz Regional University,Kazakhstan
Saken Seifullin Kazakh Agrotechnical University,Kazakhstan
"Suleyman Demirel University, Kazakhstan",Kazakhstan
S. Toraighyrov Pavlodar State University,Kazakhstan
Narxoz University,Kazakhstan
Kazakh-British Technical University,Kazakhstan
Kazakh National Agrarian University,Kazakhstan
L.N. Gumilyov Eurasian National University,Kazakhstan
Asfendiyarov Kazakh National Medical University,Kazakhstan
Karaganda State Technical University,Kazakhstan
Al-Farabi Kazakh National University,Kazakhstan
Almaty Technological University,Kazakhstan
Auezov South Kazakhstan State University,Kazakhstan
Khoja Akhmet Yassawi International Kazakh-Turkish University,Kazakhstan
"Kazakhstan Institute of Management, Economics, and Strategic Research",Kazakhstan
Karaganda State Buketov University,Kazakhstan
Satbayev Kazakh National Technical University,Kazakhstan
Kazakh National Pedagogical University,Kazakhstan
Kazakh Ablai Khan University of International Relations and World Languages,Kazakhstan
D. Serikbayev East Kazakhstan State Technical University,Kazakhstan
Kenyatta University,Kenya
University of Nairobi,Kenya
Kuwait University,Kuwait
Gulf University for Science and Technology,Kuwait
American University of the Middle East,Kuwait
Kyrgyz Turkish Manas University,Kyrgyzstan
Riga Stradins University,Latvia
University of Latvia,Latvia
Riga Technical University,Latvia
Beirut Arab University,Lebanon
American University of Beirut,Lebanon
Balamand University,Lebanon
"Notre Dame University, Louaize",Lebanon
Saint Joseph University of Beirut,Lebanon
Lebanese University Beirut,Lebanon
Lebanese American University,Lebanon
Holy Spirit University of Kaslik,Lebanon
Vilnius Gediminas Technical University,Lithuania
Kaunas University of Technology,Lithuania
Vytautas Magnus University,Lithuania
Vilnius University,Lithuania
Mykolas Romeris University,Lithuania
University of Luxembourg,Luxembourg
University of Macau,Macao
Macau University of Science and Technology,Macao
University of Macau,Macau
UCSI University,Malaysia
Sunway University,Malaysia
University of Putra Malaysia,Malaysia
"University of Malaysia, Pahang",Malaysia
Universiti Teknikal Malaysia Melaka,Malaysia
"University of Technology, Malaysia",Malaysia
University of Kuala Lumpur,Malaysia
National University of Malaysia,Malaysia
Universiti Sains Islam Malaysia,Malaysia
"University of Science, Malaysia",Malaysia
University of Utara Malaysia,Malaysia
Management and Science University,Malaysia
"University of Technology, Mara",Malaysia
International Islamic University Malaysia,Malaysia
"University of Technology, Petronas",Malaysia
Multimedia University,Malaysia
University of Malaya,Malaysia
University of Tenaga Nasional,Malaysia
Taylor’s University,Malaysia
Sultan Idris Education University,Malaysia
Universiti Malaysia Terengganu,Malaysia
Asia Pacific University of Technology and Innovation,Malaysia
University of Tunku Abdul Rahman,Malaysia
Tun Hussein Onn University of Malaysia,Malaysia
University of Malaysia Sarawak,Malaysia
Malaysian University of Sabah,Malaysia
University of Malaysia Perlis,Malaysia
INTI International University,Malaysia
University of Malta,Malta
Autonomous University of the State of Morelos,Mexico
University of Monterrey,Mexico
Meritorious Autonomous University of Puebla,Mexico
Metropolitan Autonomous University,Mexico
Autonomous University of Nuevo León,Mexico
Autonomous University of Mexico State,Mexico
University of las Américas - Puebla,Mexico
Autonomous University of Guadalajara,Mexico
Anáhuac University,Mexico
Universidad Jesuita de Guadalajara,Mexico
University of Valle de México,Mexico
National Polytechnic Institute,Mexico
Panamerican University,Mexico
Monterrey Institute of Technology and Higher Education,Mexico
Veracruzana University,Mexico
The College of Mexico,Mexico
University Popular Autonóma del Estado de Puebla,Mexico
Autonomous University of Yucatán,Mexico
Ibero-American University,Mexico
Autonomous University of the State of Hidalgo,Mexico
Autonomous University of San Luis Potosí,Mexico
University of Sonora,Mexico
University of Guadalajara,Mexico
Autonomous University of Querétaro,Mexico
University of Guanajuato,Mexico
Autonomous University of Chapingo,Mexico
National Autonomous University of Mexico,Mexico
Autonomous University of Aguascalientes,Mexico
Universidad la Salle Mexico,Mexico
México Autonomous Institute of Technology,Mexico
Autonomous University of Baja California,Mexico
Al Akhawayn University of Ifrane,Morocco
Mohammed V University,Morocco
University of Amsterdam,Netherlands
Utrecht University,Netherlands
VU University Amsterdam,Netherlands
University of Twente,Netherlands
University of Maastricht,Netherlands
Wageningen University & Research Center,Netherlands
Delft University of Technology,Netherlands
Eindhoven University of Technology,Netherlands
Erasmus University Rotterdam,Netherlands
University of Leiden,Netherlands
University of Groningen,Netherlands
Tilburg University,Netherlands
Radboud University of Nijmegen,Netherlands
Auckland University of Technology,New Zealand
University of Auckland,New Zealand
University of Otago,New Zealand
Lincoln University,New Zealand
University of Waikato,New Zealand
Massey University,New Zealand
Victoria University of Wellington,New Zealand
University of Canterbury,New Zealand
University of Oslo,Norway
Uit the Arctic University of Norway,Norway
Norwegian University of Science and Technology,Norway
University of Bergen,Norway
Norwegian University of Life Sciences,Norway
Sultan Qaboos University,Oman
Bahauddin Zakariya University,Pakistan
University of Peshawar,Pakistan
COMSATS University Islamabad,Pakistan
COMSATS Institute Of Information Technology,Pakistan
Pakistan Institute of Engineering and Applied Sciences,Pakistan
University of Agriculture Faisalabad,Pakistan
University of the Punjab,Pakistan
International Islamic University Islamabad,Pakistan
University of Karachi,Pakistan
University of Lahore,Pakistan
Lahore University of Management Sciences,Pakistan
Quaid-i-Azam University,Pakistan
"National University of Sciences and Technology, Islamabad",Pakistan
University of Engineering and Technology Lahore,Pakistan
National University of Modern Languages,Pakistan
Al Quds University,Palestine
Birzeit University,Palestine
Al-Quds University,Palestine
An-Najah National University,Palestine
University of Panamá,Panama
Technological University of Panama,Panama
Universidad Nacional de la Asuncion,Paraguay
National University Agraria La Molina,Peru
University of Pacifico,Peru
University San Ignacio de Loyola,Peru
National University of San Marcos,Peru
Pontifical Catholic University of Perú,Peru
University Peruana de Ciencias Aplicadas,Peru
University of Piura,Peru
University of Lima,Peru
Universidad Nacional de Ingenieria Peru,Peru
University Peruana Cayetano Heredia,Peru
University of San Carlos,Philippines
University of Santo Tomas,Philippines
Ateneo de Manila University,Philippines
De La Salle University,Philippines
University of the Philippines Manila,Philippines
University of Silesia,Poland
Silesian University of Technology,Poland
Poznan University of Technology,Poland
Poznan University of Life Sciences,Poland
University of Gdansk,Poland
Nicolaus Copernicus University,Poland
Warsaw University of Life Sciences,Poland
Adam Mickiewicz University in Poznan,Poland
Cracow University of Technology,Poland
Gdañsk University of Technology,Poland
Technical University of Rzeszow,Poland
Wroclaw University of Science and Technology,Poland
Warsaw University of Technology,Poland
University of Lodz,Poland
Jagiellonian University,Poland
University of Wroclaw,Poland
University of Warsaw,Poland
Wroclaw University of Technology,Poland
AGH University of Science and Technology,Poland
Lodz University of Technology,Poland
Technical University of Lublin,Poland
University of Warmia and Mazury,Poland
University of Bialystok,Poland
University of Minho,Portugal
University of Porto,Portugal
ISCTE-University Institute of Lisbon,Portugal
Catholic University of Portugal,Portugal
University of Aveiro,Portugal
University of Lisbon,Portugal
New University of Lisbon,Portugal
University of Coimbra,Portugal
University of Puerto Rico,Puerto Rico
Hamad Bin Khalifa University,Qatar
University of Qatar,Qatar
Transilvania University of Brasov,Romania
University of Bucharest,Romania
University Politehnica of Timisoara,Romania
Stefan Cel Mare University of Suceava,Romania
Gheorghe Asachi Technical University of Iasi,Romania
Babes-Bolyai University,Romania
Technical University of Cluj-Napoca,Romania
Alexandru Ioan Cuza University,Romania
University Politehnica of Bucharest,Romania
West University of Timisoara,Romania
Lucian Blaga University of Sibiu,Romania
Siberian Federal University,Russia
Far Eastern Federal University,Russia
National University of Science and Technology MISiS,Russia
South Ural State University,Russia
St. Petersburg State University,Russia
Peter the Great St Petersburg Polytechnic University,Russia
Samara University,Russia
Mendeleev Russian University of Chemical Technology,Russia
St. Petersburg State Electrotechnical University,Russia
Peoples’ Friendship University of Russia,Russia
St Petersburg State Politecnical University,Russia
National Research Nuclear University,Russia
Tomsk State University,Russia
National Research University Moscow Power Engineering Institute,Russia
Moscow Pedagogical State University,Russia
Belgorod State National Research University,Russia
Moscow State University,Russia
Herzen State Pedagogical University of Russia,Russia
Higher School of Economics,Russia
Tomsk Polytechnic University,Russia
St. Petersburg State Mining Institute (Technical University),Russia
Moscow Institute of Physics and Technology,Russia
Southern Federal University,Russia
Don State Technical University,Russia
Russian State University for the Humanities,Russia
Russian Presidential Academy of National Economy and Public Administration,Russia
Ural Federal University,Russia
Tyumen State University,Russia
Kazan Federal University,Russia
Kazan National Research Technological University,Russia
Financial University of Under the Government the Russian Federation,Russia
Ufa State Aviation Technical University,Russia
Immanuel Kant Baltic Federal University,Russia
I.M. Sechenov First Moscow State Medical University,Russia
Saratov State University,Russia
Russian Presidential Academy National Economy and Public Administration,Russia
Perm State National Research University,Russia
Irkutsk State University,Russia
Altai State University,Russia
Moscow State Institute of International Relations,Russia
Russian Technological University,Russia
Lobachevsky University,Russia
Novosibirsk State University,Russia
Voronezh State University,Russia
Russian State Agrarian University,Russia
ITMO University,Russia
Novosibirsk State Technical University,Russia
Bauman Moscow State Technical University,Russia
Moscow City University,Russia
Plekhanov Russian University of Economics,Russia
Taibah University,Saudi Arabia
Prince Mohammad Bin Fahd University,Saudi Arabia
Princess Nourah bint Abdulrahman University,Saudi Arabia
King Saud University,Saudi Arabia
Umm Al-Qura University,Saudi Arabia
King Faisal University,Saudi Arabia
King Fahd University of Petroleum & Minerals,Saudi Arabia
Imam Abdulrahman Bin Faisal University,Saudi Arabia
King Khalid University,Saudi Arabia
Alfaisal University,Saudi Arabia
King Abdulaziz University,Saudi Arabia
Northern Borders University,Saudi Arabia
Qassim University,Saudi Arabia
Islamic University of Madinah,Saudi Arabia
Jouf University,Saudi Arabia
Imam Muhammad Ibn Saud Islamic University,Saudi Arabia
University of Belgrade,Serbia
University of Kragujevac,Serbia
University of Novi Sad,Serbia
University of Nis,Serbia
Nanyang Technological University,Singapore
Singapore University of Technology & Design,Singapore
National University of Singapore,Singapore
Singapore Management University,Singapore
Comenius University in Bratislava,Slovakia
Technical University in Kosice,Slovakia
Slovak University of Agriculture,Slovakia
Slovak University of Technology,Slovakia
University of Transport and Communications of Zilina,Slovakia
Pavol Jozef Safarik University in Kosice,Slovakia
University of Ljubljana,Slovenia
University of Primorska,Slovenia
University of Maribor,Slovenia
University of Johannesburg,South Africa
University of Stellenbosch,South Africa
University of South Africa,South Africa
University of KwaZulu-Natal,South Africa
University of Cape Town,South Africa
University of Pretoria,South Africa
University of the Western Cape,South Africa
University of the Orange Free State,South Africa
University of Witwatersrand,South Africa
North-West University,South Africa
Rhodes University,South Africa
Dankook University,South Korea
Konkuk University,South Korea
Chonnam National University,South Korea
Hongik University,South Korea
Korea Advanced Institute of Science and Technology,South Korea
Ajou University,South Korea
Sungshin Women’s University,South Korea
Soongsil University,South Korea
Yonsei University,South Korea
Soonchunhyang University,South Korea
Pukyong National University,South Korea
Sogang University,South Korea
Kyung Hee University,South Korea
Chung-Ang University,South Korea
Kyungpook National University,South Korea
Seoul National University,South Korea
Hanyang University,South Korea
Ulsan National Institute of Science and Technology,South Korea
Ewha Womans University,South Korea
Jeju National University,South Korea
Sookmyung Women’s University,South Korea
Yeungnam University,South Korea
Pusan National University,South Korea
Hallym University,South Korea
Seoul University,South Korea
Sejong University,South Korea
Pohang University of Science and Technology,South Korea
Gwangju Institute of Science and Technology,South Korea
Inha University,South Korea
Kookmin University,South Korea
Hankuk University of Foreign Studies,South Korea
Dongguk University,South Korea
Chungnam National University,South Korea
Ulsan University,South Korea
Catholic University of Korea,South Korea
Chungbuk National University,South Korea
Kangwon National University,South Korea
Chonbuk National University,South Korea
Youngsan University,South Korea
Korea University,South Korea
Seoul National University of Science and Technology,South Korea
Daegu Gyeongbuk Institute of Science and Technology,South Korea
Sungkyunkwan University,South Korea
University Pontificia Comillas,Spain
University of the Basque Country,Spain
Autonomous University of Madrid,Spain
University of Murcia,Spain
University of Seville,Spain
University of Zaragoza,Spain
University of Castilla-La Mancha,Spain
Autonomous University of Barcelona,Spain
University of Valladolid,Spain
University of Valencia,Spain
University of La Coruña,Spain
University of Barcelona,Spain
Complutense University of Madrid,Spain
IE University,Spain
University of Navarra,Spain
University of Santiago de Compostela,Spain
University of Oviedo,Spain
University of Alicante,Spain
University of Rovira i Virgili,Spain
University of Córdoba,Spain
University of Deusto,Spain
University of Vigo,Spain
Polytechnic University of Valencia,Spain
University Pompeu Fabra,Spain
University of León,Spain
University of Salamanca,Spain
University of Alcalá de Henares,Spain
University Carlos III de Madrid,Spain
Technical University of Madrid,Spain
University of Granada,Spain
CEU Universities,Spain
Ramon Llull University,Spain
Polytechnic University of Catalonia,Spain
University of Lleida,Spain
University Rey Juan Carlos,Spain
University of Peradeniya,Sri Lanka
University of Colombo,Sri Lanka
University of Khartoum,Sudan
Stockholm University,Sweden
Linkoping University,Sweden
Lund University,Sweden
KTH - Royal Institute of Technology,Sweden
Umea University,Sweden
Uppsala University,Sweden
Chalmers University of Technology,Sweden
Göteborg University,Sweden
"Swiss Federal Institute of Technology Zurich, ETHZ",Switzerland
University of Lugano,Switzerland
University of Basel,Switzerland
University of Fribourg,Switzerland
"Swiss Federal Institute of Technology Lausanne, EPFL",Switzerland
University of Geneva,Switzerland
University of St.Gallen,Switzerland
University of Lausanne,Switzerland
University of Bern,Switzerland
University of Zurich,Switzerland
Damascus University,Syria
Chang Jung Christian University,Taiwan
National Taiwan Normal University,Taiwan
Chang Gung University,Taiwan
National Sun Yat-Sen University,Taiwan
National Tsinghua University,Taiwan
National Central University,Taiwan
National Taipei University of Technology,Taiwan
"Soochow University, Taiwan",Taiwan
National Cheng Kung University,Taiwan
Tamkang University,Taiwan
"National Chung Hsing University, Taipei",Taiwan
National Taipei University,Taiwan
Kaohsiung Medical University,Taiwan
National Yang-Ming University,Taiwan
National Taiwan Ocean University,Taiwan
National Chung Cheng University,Taiwan
Feng Chia University,Taiwan
National Dong Hwa University,Taiwan
Tunghai University,Taiwan
Yuan Ze University,Taiwan
National Taiwan University of Science and Technology,Taiwan
National Taiwan University,Taiwan
Chaoyang University of Technology,Taiwan
Taipei Medical University,Taiwan
Chung Yuan Christian University,Taiwan
Fu Jen Catholic University,Taiwan
National Yang Ming Chiao Tung University,Taiwan
Asia University,Taiwan
National Chiao Tung University,Taiwan
National Chengchi University,Taiwan
King Mongkutâs Institute Technology Ladkrabang,Thailand
Silpakorn University,Thailand
King Mongkut’s Institute of Technology Ladkrabang,Thailand
Suranaree University of Technology,Thailand
Khon Kaen University,Thailand
King Mongkut’s University of Technology Thonburi,Thailand
Naresuan University,Thailand
King Mongkut’s University of Technology North Bangkok,Thailand
Chulalongkorn University,Thailand
Mahidol University,Thailand
Kasetsart University,Thailand
Chiang Mai University,Thailand
Thammasat University,Thailand
Prince of Songkla University,Thailand
University of Tunis El Manar,Tunisia
University of Sfax,Tunisia
"University of Centre, Sousse",Tunisia
Free University of Tunis,Tunisia
Sabanci University,Turkey
Koc University,Turkey
Suleyman Demirel University,Turkey
Erciyes University,Turkey
Istanbul Technical University,Turkey
Istanbul Aydin University,Turkey
Ankara University,Turkey
Izmir Institute of Technology,Turkey
Hacettepe University,Turkey
Dokuz Eylul University,Turkey
Yildiz Technical University,Turkey
Istanbul University,Turkey
Bilkent University,Turkey
Middle East Technical University,Turkey
Istanbul Bilgi University,Turkey
Bogazici University,Turkey
Anadolu University,Turkey
Ege University,Turkey
Cukurova University,Turkey
Gebze Technical University,Turkey
Marmara University,Turkey
Gazi University Ankara,Turkey
Akdeniz University,Turkey
Imperial College London,UK
University of Nottingham,UK
Nottingham Trent University,UK
The Robert Gordon University,UK
University of Greenwich,UK
University of Warwick,UK
University of Hertfordshire,UK
London School of Economics,UK
University of Sheffield,UK
Bangor University,UK
"Newcastle University, Newcastle-upon-Tyne",UK
University of York,UK
University of Durham,UK
University of Cambridge,UK
University of Oxford,UK
University of Central Lancashire,UK
University of East London,UK
Leeds Beckett University,UK
University of Kent at Canterbury,UK
Swansea University,UK
Cardiff University,UK
University College London,UK
University of Wolverhampton,UK
University of Derby,UK
University of Liverpool,UK
University of Glasgow,UK
"Queen Mary, University of London",UK
University College Northampton,UK
University of Leeds,UK
University of Southampton,UK
The Manchester Metropolitan University,UK
University of St. Andrews,UK
"Goldsmiths College, University of London",UK
City University London,UK
Kingston University,UK
University of Reading,UK
University of Portsmouth,UK
Oxford Brookes University,UK
University of Brighton,UK
Canterbury Christ Church University College,UK
De Montfort University,UK
University of Leicester,UK
Glasgow Caledonian University,UK
Sheffield Hallam University,UK
Bournemouth University,UK
University of Lincoln (England),UK
Keele University,UK
Birmingham City University,UK
University of Bristol,UK
Liverpool John Moores University,UK
University of Sussex,UK
"University of the West of England, Bristol",UK
Middlesex University,UK
Heriot-Watt University,UK
University of East Anglia,UK
Coventry University,UK
Brunel University,UK
London South Bank University,UK
"School of Oriental and African Studies, University of London",UK
London Metropolitan University,UK
University of Dundee,UK
University of Strathclyde,UK
University of Manchester,UK
Edinburgh Napier University,UK
University of Surrey,UK
University of Salford,UK
University of Plymouth,UK
University of Essex,UK
Aston University,UK
University of Birmingham,UK
Loughborough University,UK
University of Ulster,UK
University of Hull,UK
Lancaster University,UK
University of Edinburgh,UK
University of Exeter,UK
University of Northumbria at Newcastle,UK
University of Huddersfield,UK
University of Westminster,UK
"Royal Holloway, University of London",UK
Queen’s University Belfast,UK
University of Bradford,UK
University of Aberdeen,UK
King’s College London,UK
Aberystwyth University,UK
University of Stirling,UK
University of Bath,UK
Harper Adams University,UK
"Birkbeck, University of London",UK
Queen Margaret University,UK
"University of California, San Diego",USA
University of North Carolina at Chapel Hill,USA
University of South Alabama,USA
Nova Southeastern University,USA
University of Pennsylvania,USA
Cleveland State University,USA
University of Wisconsin-Madison,USA
University of North Carolina at Greensboro,USA
Central Michigan University,USA
University of North Carolina at Charlotte,USA
Johns Hopkins University,USA
Illinois State University,USA
Columbia University,USA
Indiana State University,USA
New York University,USA
"University of California, Berkeley",USA
San Francisco State University,USA
Florida Atlantic University,USA
University of Texas at Arlington,USA
Northern Arizona University,USA
California State Polytechnic University - Pomona,USA
University of Michigan - Ann Arbor,USA
University of Chicago,USA
Yale University,USA
"California State University, Los Angeles",USA
Princeton University,USA
Northwestern University,USA
University of Louisville,USA
"University of California, Los Angeles",USA
Stanford University,USA
University of Texas at El Paso,USA
Western Washington University,USA
Cornell University,USA
Brown University,USA
University of Memphis,USA
Humboldt State University,USA
Duke University,USA
Portland State University,USA
Harvard University,USA
University of Central Oklahoma,USA
"California Institute of Technology, Caltech",USA
City University of New York,USA
Carnegie Mellon University,USA
Wake Forest University,USA
Boston College,USA
Iowa State University,USA
State University of New York at Stony Brook,USA
Virginia Polytechnic Institute and State University,USA
Rensselaer Polytechnic Institute,USA
University of Wyoming,USA
Brigham Young University,USA
University of Hawaii at Manoa,USA
Clemson University,USA
University of Denver,USA
University of Kansas,USA
University of Mississippi,USA
University of Texas at Dallas,USA
Clarkson University,USA
Stevens Institute of Technology,USA
Washington State University,USA
Worcester Polytechnic Institute,USA
Georgia State University,USA
Brandeis University,USA
University of Utah,USA
State University of New York at Buffalo,USA
Oklahoma State University,USA
Ohio University,USA
Miami University of Ohio,USA
Kent State University,USA
Binghamton University,USA
Fordham University,USA
University of Montana,USA
University of Illinois at Urbana-Champaign,USA
University of Central Florida,USA
University of the Pacific,USA
University of San Francisco,USA
University of San Diego,USA
San Diego State University,USA
University of Arkansas at Fayetteville,USA
"Rutgers, The State University of New Jersey",USA
Yeshiva University,USA
"University of Massachusetts, Amherst",USA
Arizona State University,USA
George Washington University,USA
University of Massachusetts at Boston,USA
University of Tulsa,USA
North Carolina State University,USA
Wayne State University,USA
Tulane University,USA
University of Delaware,USA
American University,USA
University of Georgia,USA
University of Alabama,USA
University of South Carolina,USA
Louisiana State University,USA
University of Kentucky,USA
Michigan Technological University,USA
Kansas State University,USA
University of Tennessee - Knoxville,USA
Colorado State University,USA
Florida State University,USA
"University of Missouri, Columbia",USA
University of Oklahoma,USA
Oregon State University,USA
University of Vermont,USA
University of South Florida,USA
Illinois Institute of Technology,USA
University of Nebraska - Lincoln,USA
New Jersey Institute of Technology,USA
University of Oregon,USA
Clark University,USA
University of Maryland Baltimore County,USA
University of Colorado at Denver,USA
University of New Mexico,USA
Lehigh University,USA
George Mason University,USA
Temple University,USA
Syracuse University,USA
State University of New York at Albany,USA
The New School,USA
University of New Hampshire,USA
Loyola University of Chicago,USA
Howard University,USA
Northeastern University,USA
University of Connecticut,USA
Virginia Commonwealth University,USA
College of William and Mary,USA
University of Houston,USA
Drexel University,USA
Missouri University of Science and Technology,USA
Baylor University,USA
Smith College,USA
"Massachusetts Institute of Technology, MIT",USA
University of Illinois at Chicago,USA
Vanderbilt University,USA
University of Colorado at Boulder,USA
Pennsylvania State University,USA
Mississippi State University,USA
Colorado School of Mines,USA
University of North Texas,USA
University of Rhode Island,USA
Texas A&M University,USA
University of Rochester,USA
University of Hartford,USA
University of Toledo,USA
"University of Missouri, Kansas City",USA
University of Texas at San Antonio,USA
Seattle University,USA
Dartmouth College,USA
West Virginia University,USA
"City University of New York, City College",USA
University of Idaho,USA
University of Virginia,USA
Rochester Institute of Technology,USA
University Louisville College Business,USA
"University of California, Irvine",USA
Case Western Reserve University,USA
University of Alabama at Birmingham,USA
Wesleyan University,USA
Emory University,USA
Swarthmore College,USA
University of Alaska - Fairbanks,USA
University of Wisconsin-Milwaukee,USA
Southern Methodist University,USA
St. Louis University,USA
University of Florida,USA
University of Pittsburgh,USA
Ohio State University,USA
University of Hawaii at Hilo,USA
Boston University,USA
Florida International University,USA
University of Washington,USA
Texas Technical University,USA
"University of California, Riverside",USA
University of Miami,USA
Indiana University-Purdue University of Indianapolis,USA
Western Michigan University,USA
University of Iowa,USA
Indiana University at Bloomington,USA
Auburn University,USA
Marquette University,USA
Utah State University,USA
"University of California, Santa Cruz",USA
"University of Missouri, St. Louis",USA
University of Texas at Austin,USA
Purdue University,USA
University of Minnesota - Twin Cities,USA
University of Maryland at College Park,USA
Rice University,USA
University of Southern California,USA
Washington University in St. Louis,USA
University of Notre Dame,USA
University of Cincinnati,USA
"University of California, Davis",USA
University of Arizona,USA
Tufts University,USA
Georgetown University,USA
"University of California, Santa Barbara",USA
Michigan State University,USA
Georgia Institute of Technology,USA
Makerere University,Uganda
Odessa I.I.mechnikov National University,Ukraine
Kharkiv National University of Radio Electronics,Ukraine
National University of Kyiv-Mohyla Academy,Ukraine
Ivan Franko National University of Lviv,Ukraine
Lviv Polytechnic National University,Ukraine
Donetsk National University,Ukraine
National Technical University (Kharkiv Polytechnic Institute),Ukraine
Sumy State University,Ukraine
V.N. Karazin Kharkiv National University,Ukraine
National University of Life and Environmental sciences of Ukraine,Ukraine
Taras Shevchenko National University of Kyiv,Ukraine
National Technical University of Ukraine,Ukraine
University of Sharjah,United Arab Emirates
Khalifa University,United Arab Emirates
American University of Sharjah,United Arab Emirates
American University in Dubai,United Arab Emirates
Dubai University College,United Arab Emirates
United Arab Emirates University,United Arab Emirates
Al Ain University,United Arab Emirates
Canadian University Dubai,United Arab Emirates
Zayed University,United Arab Emirates
Abu Dhabi University,United Arab Emirates
Ajman University of Science and Technology,United Arab Emirates
University of the Republic,Uruguay
University of Montevideo,Uruguay
Catholic University of Uruguay,Uruguay
University ORT Uruguay,Uruguay
Catholic University Andres Bello,Venezuela
"University of the Andes, Venezuela",Venezuela
Metropolitan University,Venezuela
University of Carabobo,Venezuela
University of Zulia,Venezuela
University Central de Venezuela,Venezuela
University Simón Bolivar,Venezuela
Viet Nam National University ho Chi Minh City,Viet Nam
"Viet Nam National University, Ho Chi Minh City",Viet Nam
Ton Duc Thang University,Viet Nam
Duy Tan University,Viet Nam
"Viet Nam National University, Hanoi",Viet Nam
Hanoi University of Science and Technology,Viet Nam
